Field,Well_index
Field4,1
Field4,2
Field4,3
Field4,4
Field4,5
Field4,6
Field4,7
Field4,8
Field4,9
Field4,10
Field4,11
Field4,12
Field4,13
Field4,14
Field4,15
Field4,16
Field4,17
Field4,18
Field4,19
Field4,20
Field4,21
Field4,22
Field4,23
Field4,24
Field4,25
Field4,26
Field4,27
Field4,28
Field4,29
Field4,30
Field4,31
Field4,32
Field4,33
Field4,34
Field4,35
Field4,36
Field4,37
Field4,38
Field4,39
Field4,40
Field4,41
Field4,42
Field4,43
Field4,44
Field4,45
Field4,46
Field4,47
Field4,48
Field4,49
Field4,50
Field4,51
Field4,52
Field4,53
Field4,54
Field4,55
Field4,56
Field4,57
Field4,58
Field4,59
Field4,60
Field4,61
Field4,62
Field4,63
Field4,64
Field4,65
Field4,66
Field4,67
Field4,68
Field4,69
Field4,70
Field4,71
Field4,72
Field4,73
Field4,74
Field4,75
Field4,76
Field4,77
Field4,78
Field4,79
Field4,80
Field4,81
Field4,82
Field4,83
Field4,84
Field4,85
Field4,86
Field4,87
Field4,88
Field4,89
Field4,90
Field4,91
Field4,92
Field4,93
Field4,94
Field4,95
Field4,96
Field4,97
Field4,98
Field4,99
Field4,100
Field4,101
Field4,102
Field4,103
Field4,104
Field4,105
Field4,106
Field4,107
Field4,108
Field4,109
Field4,110
Field4,111
Field4,112
Field4,113
Field4,114
Field4,115
Field4,116
Field4,117
Field4,118
Field4,119
Field4,120
Field4,121
Field4,122
Field4,123
Field4,124
Field4,125
Field4,126
Field4,127
Field4,128
Field4,129
Field4,130
Field4,131
Field4,132
Field4,133
Field4,134
Field4,135
Field4,136
Field4,137
Field4,138
Field4,139
Field4,140
Field4,141
Field4,142
Field4,143
Field4,144
Field4,145
Field4,146
Field4,147
Field4,148
Field4,149
Field4,150
Field4,151
Field4,152
Field4,153
Field4,154
Field4,155
Field4,156
Field4,157
Field4,158
Field4,159
Field4,160
Field4,161
Field4,162
Field4,163
Field4,164
Field4,165
Field4,166
Field4,167
Field4,168
Field4,169
Field4,170
Field4,171
Field4,172
Field4,173
Field4,174
Field4,175
Field4,176
Field4,177
Field4,178
Field4,179
Field4,180
Field4,181
Field4,182
Field4,183
Field4,184
Field4,185
Field4,186
Field4,187
Field4,188
Field4,189
Field4,190
Field4,191
Field4,192
Field4,193
Field4,194
Field4,195
Field4,196
Field4,197
Field4,198
Field4,199
Field4,200
Field4,201
Field4,202
Field4,203
Field4,204
Field4,205
Field4,206
Field4,207
Field4,208
Field4,209
Field4,210
Field4,211
Field4,212
Field4,213
Field4,214
Field4,215
Field4,216
Field4,217
Field4,218
Field4,219
Field4,220
Field4,221
Field4,222
Field4,223
Field4,224
Field4,225
Field4,226
Field4,227
Field4,228
Field4,229
Field4,230
Field4,231
Field4,232
Field4,233
Field4,234
Field4,235
Field4,236
Field4,237
Field4,238
Field4,239
Field4,240
Field4,241
Field4,242
Field4,243
Field4,244
Field4,245
Field4,246
Field4,247
Field4,248
Field4,249
Field4,250
Field4,251
Field4,252
Field4,253
Field4,254
Field4,255
Field4,256
Field4,257
Field4,258
Field4,259
Field4,260
Field4,261
Field4,262
Field4,263
Field4,264
Field4,265
Field4,266
Field4,267
Field4,268
Field4,269
Field4,270
Field4,271
Field4,272
Field4,273
Field4,274
Field4,275
Field4,276
Field4,277
Field4,278
Field4,279
Field4,280
Field4,281
Field4,282
Field4,283
Field4,284
Field4,285
Field4,286
Field4,287
Field4,288
Field4,289
Field4,290
Field4,291
Field4,292
Field4,293
Field4,294
Field4,295
Field4,296
Field4,297
Field4,298
Field4,299
Field4,300
Field4,301
Field4,302
Field4,303
Field4,304
Field4,305
Field4,306
Field4,307
Field4,308
Field4,309
Field4,310
Field4,311
Field4,312
Field4,313
Field4,314
Field4,315
Field4,316
Field4,317
Field4,318
Field4,319
Field4,320
Field4,321
Field4,322
Field4,323
Field4,324
Field4,325
Field4,326
Field4,327
Field4,328
Field4,329
Field4,330
Field4,331
Field4,332
Field4,333
Field4,334
Field4,335
Field4,336
Field4,337
Field4,338
Field4,339
Field4,340
Field4,341
Field4,342
Field4,343
Field4,344
Field4,345
Field4,346
Field4,347
Field4,348
Field4,349
Field4,350
Field4,351
Field4,352
Field4,353
Field4,354
Field4,355
Field4,356
Field4,357
Field4,358
Field4,359
Field4,360
Field4,361
Field4,362
Field4,363
Field4,364
Field4,365
Field4,366
Field4,367
Field4,368
Field4,369
Field4,370
Field4,371
Field4,372
Field4,373
Field4,374
Field4,375
Field4,376
Field4,377
Field4,378
Field4,379
Field4,380
Field4,381
Field4,382
Field4,383
Field4,384
Field4,385
Field4,386
Field4,387
Field4,388
Field4,389
Field4,390
Field4,391
Field4,392
Field4,393
Field4,394
Field4,395
Field4,396
Field4,397
Field4,398
Field4,399
Field4,400
Field4,401
Field4,402
Field4,403
Field4,404
Field4,405
Field4,406
Field4,407
Field4,408
Field4,409
Field4,410
Field4,411
Field4,412
Field4,413
Field4,414
Field4,415
Field4,416
Field4,417
Field4,418
Field4,419
Field4,420
Field4,421
Field4,422
Field4,423
Field4,424
Field4,425
Field4,426
Field4,427
Field4,428
Field4,429
Field4,430
Field4,431
Field4,432
Field4,433
Field4,434
Field4,435
Field4,436
Field4,437
Field4,438
Field4,439
Field4,440
Field4,441
Field4,442
Field4,443
Field4,444
Field4,445
Field4,446
Field4,447
Field4,448
Field4,449
Field4,450
Field4,451
Field4,452
Field4,453
Field4,454
Field4,455
Field4,456
Field4,457
Field4,458
Field4,459
Field4,460
Field4,461
Field4,462
Field4,463
Field4,464
Field4,465
Field4,466
Field4,467
Field4,468
Field4,469
Field4,470
Field4,471
Field4,472
Field4,473
Field4,474
Field4,475
Field4,476
Field4,477
Field4,478
Field4,479
Field4,480
Field4,481
Field4,482
Field4,483
Field4,484
Field4,485
Field4,486
Field4,487
Field4,488
Field4,489
Field4,490
Field4,491
Field4,492
Field4,493
Field4,494
Field4,495
Field4,496
Field4,497
Field4,498
Field4,499
Field4,500
Field4,501
Field4,502
Field4,503
Field4,504
Field4,505
Field4,506
Field4,507
Field4,508
Field4,509
Field4,510
Field4,511
Field4,512
Field4,513
Field4,514
Field4,515
Field4,516
Field4,517
Field4,518
Field4,519
Field4,520
Field4,521
Field4,522
Field4,523
Field4,524
Field4,525
Field4,526
Field4,527
Field4,528
Field4,529
Field4,530
Field4,531
Field4,532
Field4,533
Field4,534
Field4,535
Field4,536
Field4,537
Field4,538
Field4,539
Field4,540
Field4,541
Field4,542
Field4,543
Field4,544
Field4,545
Field4,546
Field4,547
Field4,548
Field4,549
Field4,550
Field4,551
Field4,552
Field4,553
Field4,554
Field4,555
Field4,556
Field4,557
Field4,558
Field4,559
Field4,560
Field4,561
Field4,562
Field4,563
Field4,564
Field4,565
Field_test_1,566
Field_test_1,567
Field_test_1,568
Field_test_1,569
Field_test_1,570
Field_test_1,571
Field_test_1,572
Field_test_1,573
Field_test_1,574
Field_test_1,575
Field_test_1,576
Field_test_1,577
Field_test_1,578
Field_test_1,579
Field_test_1,580
Field_test_1,581
Field_test_1,582
Field_test_1,583
Field_test_1,584
Field_test_1,585
Field_test_1,586
Field3,587
Field3,588
Field3,589
Field3,590
Field3,591
Field3,592
Field3,593
Field3,594
Field3,595
Field3,596
Field3,597
Field3,598
Field3,599
Field3,600
Field3,601
Field3,602
Field3,603
Field3,604
Field3,605
Field3,606
Field3,607
Field3,608
Field3,609
Field3,610
Field3,611
Field3,612
Field3,613
Field3,614
Field3,615
Field3,616
Field3,617
Field3,618
Field3,619
Field3,620
Field3,621
Field3,622
Field3,623
Field3,624
Field3,625
Field3,626
Field3,627
Field3,628
Field3,629
Field3,630
Field3,631
Field3,632
Field3,633
Field3,634
Field3,635
Field3,636
Field3,637
Field3,638
Field3,639
Field3,640
Field3,641
Field3,642
Field3,643
Field3,644
Field3,645
Field3,646
Field3,647
Field3,648
Field3,649
Field3,650
Field3,651
Field3,652
Field3,653
Field3,654
Field3,655
Field3,656
Field3,657
Field3,658
Field3,659
Field3,660
Field3,661
Field3,662
Field3,663
Field3,664
Field3,665
Field3,666
Field3,667
Field3,668
Field3,669
Field3,670
Field3,671
Field3,672
Field3,673
Field3,674
Field3,675
Field3,676
Field3,677
Field3,678
Field3,679
Field3,680
Field3,681
Field3,682
Field3,683
Field3,684
Field3,685
Field3,686
Field3,687
Field3,688
Field3,689
Field3,690
Field3,691
Field3,692
Field3,693
Field3,694
Field3,695
Field3,696
Field3,697
Field3,698
Field3,699
Field3,700
Field3,701
Field3,702
Field3,703
Field3,704
Field3,705
Field3,706
Field3,707
Field3,708
Field3,709
Field3,710
Field3,711
Field3,712
Field3,713
Field3,714
Field3,715
Field3,716
Field3,717
Field3,718
Field3,719
Field3,720
Field3,721
Field3,722
Field3,723
Field3,724
Field3,725
Field3,726
Field3,727
Field3,728
Field3,729
Field3,730
Field3,731
Field3,732
Field3,733
Field3,734
Field3,735
Field3,736
Field3,737
Field3,738
Field3,739
Field3,740
Field3,741
Field3,742
Field3,743
Field3,744
Field3,745
Field3,746
Field3,747
Field3,748
Field3,749
Field3,750
Field3,751
Field3,752
Field3,753
Field3,754
Field3,755
Field3,756
Field3,757
Field3,758
Field3,759
Field3,760
Field3,761
Field3,762
Field3,763
Field3,764
Field3,765
Field3,766
Field3,767
Field3,768
Field3,769
Field3,770
Field3,771
Field3,772
Field3,773
Field3,774
Field3,775
Field3,776
Field3,777
Field3,778
Field3,779
Field3,780
Field3,781
Field3,782
Field3,783
Field3,784
Field3,785
Field3,786
Field3,787
Field3,788
Field3,789
Field2,790
Field2,791
Field2,792
Field2,793
Field2,794
Field2,795
Field2,796
Field2,797
Field2,798
Field2,799
Field2,800
Field2,801
Field2,802
Field2,803
Field2,804
Field2,805
Field2,806
Field2,807
Field2,808
Field2,809
Field2,810
Field2,811
Field2,812
Field2,813
Field2,814
Field2,815
Field2,816
Field2,817
Field2,818
Field2,819
Field2,820
Field2,821
Field2,822
Field2,823
Field2,824
Field2,825
Field2,826
Field2,827
Field2,828
Field2,829
Field2,830
Field2,831
Field2,832
Field2,833
Field2,834
Field2,835
Field2,836
Field2,837
Field2,838
Field2,839
Field2,840
Field2,841
Field2,842
Field2,843
Field2,844
Field2,845
Field2,846
Field2,847
Field2,848
Field2,849
Field2,850
Field2,851
Field2,852
Field2,853
Field2,854
Field2,855
Field2,856
Field2,857
Field2,858
Field2,859
Field2,860
Field2,861
Field2,862
Field2,863
Field2,864
Field2,865
Field2,866
Field2,867
Field2,868
Field2,869
Field2,870
Field2,871
Field2,872
Field2,873
Field2,874
Field2,875
Field2,876
Field2,877
Field2,878
Field2,879
Field2,880
Field2,881
Field2,882
Field2,883
Field2,884
Field2,885
Field2,886
Field2,887
Field2,888
Field2,889
Field2,890
Field2,891
Field2,892
Field2,893
Field2,894
Field2,895
Field2,896
Field2,897
Field2,898
Field2,899
Field2,900
Field2,901
Field2,902
Field2,903
Field2,904
Field2,905
Field2,906
Field2,907
Field2,908
Field2,909
Field2,910
Field2,911
Field2,912
Field2,913
Field2,914
Field2,915
Field2,916
Field2,917
Field2,918
Field2,919
Field2,920
Field2,921
Field2,922
Field2,923
Field2,924
Field2,925
Field2,926
Field2,927
Field2,928
Field2,929
Field2,930
Field2,931
Field2,932
Field2,933
Field2,934
Field2,935
Field2,936
Field2,937
Field2,938
Field2,939
Field2,940
Field2,941
Field2,942
Field2,943
Field2,944
Field2,945
Field2,946
Field2,947
Field2,948
Field2,949
Field2,950
Field2,951
Field2,952
Field2,953
Field2,954
Field2,955
Field2,956
Field2,957
Field2,958
Field2,959
Field2,960
Field2,961
Field2,962
Field2,963
Field2,964
Field2,965
Field2,966
Field2,967
Field2,968
Field2,969
Field2,970
Field2,971
Field2,972
Field2,973
Field2,974
Field2,975
Field2,976
Field2,977
Field2,978
Field2,979
Field2,980
Field2,981
Field2,982
Field2,983
Field2,984
Field2,985
Field2,986
Field2,987
Field2,988
Field2,989
Field2,990
Field2,991
Field2,992
Field2,993
Field2,994
Field2,995
Field2,996
Field2,997
Field2,998
Field2,999
Field2,1000
Field2,1001
Field2,1002
Field2,1003
Field2,1004
Field2,1005
Field2,1006
Field2,1007
Field2,1008
Field2,1009
Field2,1010
Field2,1011
Field2,1012
Field2,1013
Field2,1014
Field2,1015
Field2,1016
Field2,1017
Field2,1018
Field2,1019
Field2,1020
Field2,1021
Field2,1022
Field2,1023
Field2,1024
Field2,1025
Field2,1026
Field2,1027
Field2,1028
Field2,1029
Field2,1030
Field2,1031
Field2,1032
Field2,1033
Field2,1034
Field2,1035
Field2,1036
Field2,1037
Field2,1038
Field2,1039
Field2,1040
Field2,1041
Field2,1042
Field2,1043
Field2,1044
Field2,1045
Field2,1046
Field2,1047
Field2,1048
Field2,1049
Field2,1050
Field2,1051
Field2,1052
Field2,1053
Field2,1054
Field2,1055
Field2,1056
Field2,1057
Field2,1058
Field2,1059
Field2,1060
Field2,1061
Field2,1062
Field2,1063
Field2,1064
Field2,1065
Field2,1066
Field2,1067
Field2,1068
Field2,1069
Field2,1070
Field2,1071
Field2,1072
Field2,1073
Field2,1074
Field2,1075
Field2,1076
Field2,1077
Field2,1078
Field2,1079
Field2,1080
Field2,1081
Field2,1082
Field2,1083
Field2,1084
Field2,1085
Field2,1086
Field2,1087
Field2,1088
Field2,1089
Field2,1090
Field2,1091
Field2,1092
Field2,1093
Field2,1094
Field2,1095
Field2,1096
Field2,1097
Field2,1098
Field2,1099
Field2,1100
Field2,1101
Field2,1102
Field2,1103
Field2,1104
Field2,1105
Field2,1106
Field2,1107
Field2,1108
Field2,1109
Field2,1110
Field2,1111
Field2,1112
Field2,1113
Field2,1114
Field2,1115
Field2,1116
Field2,1117
Field2,1118
Field2,1119
Field2,1120
Field2,1121
Field2,1122
Field2,1123
Field2,1124
Field2,1125
Field2,1126
Field2,1127
Field2,1128
Field2,1129
Field2,1130
Field2,1131
Field2,1132
Field2,1133
Field2,1134
Field2,1135
Field2,1136
Field2,1137
Field2,1138
Field2,1139
Field2,1140
Field2,1141
Field2,1142
Field2,1143
Field2,1144
Field2,1145
Field2,1146
Field2,1147
Field2,1148
Field2,1149
Field2,1150
Field2,1151
Field2,1152
Field2,1153
Field2,1154
Field2,1155
Field2,1156
Field2,1157
Field2,1158
Field2,1159
Field2,1160
Field2,1161
Field2,1162
Field2,1163
Field2,1164
Field2,1165
Field2,1166
Field2,1167
Field2,1168
Field2,1169
Field2,1170
Field2,1171
Field2,1172
Field2,1173
Field2,1174
Field2,1175
Field2,1176
Field2,1177
Field2,1178
Field2,1179
Field2,1180
Field2,1181
Field2,1182
Field2,1183
Field2,1184
Field2,1185
Field2,1186
Field2,1187
Field2,1188
Field2,1189
Field2,1190
Field2,1191
Field2,1192
Field2,1193
Field2,1194
Field2,1195
Field2,1196
Field2,1197
Field2,1198
Field2,1199
Field2,1200
Field2,1201
Field2,1202
Field2,1203
Field2,1204
Field2,1205
Field2,1206
Field2,1207
Field2,1208
Field2,1209
Field2,1210
Field2,1211
Field2,1212
Field2,1213
Field2,1214
Field2,1215
Field2,1216
Field2,1217
Field2,1218
Field2,1219
Field2,1220
Field2,1221
Field2,1222
Field2,1223
Field2,1224
Field2,1225
Field2,1226
Field2,1227
Field2,1228
Field2,1229
Field2,1230
Field2,1231
Field2,1232
Field2,1233
Field2,1234
Field2,1235
Field2,1236
Field2,1237
Field2,1238
Field2,1239
Field2,1240
Field2,1241
Field2,1242
Field2,1243
Field2,1244
Field2,1245
Field2,1246
Field2,1247
Field2,1248
Field2,1249
Field2,1250
Field2,1251
Field2,1252
Field2,1253
Field2,1254
Field2,1255
Field2,1256
Field2,1257
Field2,1258
Field2,1259
Field2,1260
Field2,1261
Field2,1262
Field2,1263
Field2,1264
Field2,1265
Field2,1266
Field2,1267
Field2,1268
Field2,1269
Field2,1270
Field2,1271
Field2,1272
Field2,1273
Field2,1274
Field2,1275
Field2,1276
Field2,1277
Field2,1278
Field2,1279
Field2,1280
Field2,1281
Field2,1282
Field2,1283
Field2,1284
Field2,1285
Field2,1286
Field2,1287
Field2,1288
Field2,1289
Field2,1290
Field2,1291
Field2,1292
Field2,1293
Field2,1294
Field2,1295
Field2,1296
Field2,1297
Field2,1298
Field2,1299
Field2,1300
Field2,1301
Field2,1302
Field2,1303
Field2,1304
Field2,1305
Field2,1306
Field2,1307
Field2,1308
Field2,1309
Field2,1310
Field2,1311
Field2,1312
Field2,1313
Field2,1314
Field2,1315
Field2,1316
Field2,1317
Field2,1318
Field2,1319
Field2,1320
Field2,1321
Field2,1322
Field2,1323
Field2,1324
Field2,1325
Field2,1326
Field2,1327
Field2,1328
Field2,1329
Field2,1330
Field2,1331
Field2,1332
Field2,1333
Field2,1334
Field2,1335
Field2,1336
Field2,1337
Field2,1338
Field2,1339
Field2,1340
Field2,1341
Field2,1342
Field2,1343
Field2,1344
Field2,1345
Field2,1346
Field2,1347
Field2,1348
Field2,1349
Field2,1350
Field2,1351
Field2,1352
Field2,1353
Field2,1354
Field2,1355
Field2,1356
Field2,1357
Field2,1358
Field2,1359
Field2,1360
Field2,1361
Field2,1362
Field2,1363
Field2,1364
Field2,1365
Field2,1366
Field2,1367
Field2,1368
Field2,1369
Field2,1370
Field2,1371
Field2,1372
Field2,1373
Field2,1374
Field2,1375
Field2,1376
Field2,1377
Field2,1378
Field2,1379
Field2,1380
Field2,1381
Field2,1382
Field2,1383
Field2,1384
Field2,1385
Field2,1386
Field2,1387
Field2,1388
Field2,1389
Field2,1390
Field2,1391
Field2,1392
Field2,1393
Field2,1394
Field2,1395
Field2,1396
Field2,1397
Field2,1398
Field2,1399
Field2,1400
Field2,1401
Field2,1402
Field2,1403
Field2,1404
Field2,1405
Field2,1406
Field2,1407
Field2,1408
Field2,1409
Field2,1410
Field2,1411
Field2,1412
Field2,1413
Field2,1414
Field2,1415
Field2,1416
Field2,1417
Field2,1418
Field2,1419
Field2,1420
Field2,1421
Field2,1422
Field2,1423
Field2,1424
Field2,1425
Field2,1426
Field2,1427
Field2,1428
Field2,1429
Field2,1430
Field2,1431
Field2,1432
Field2,1433
Field2,1434
Field2,1435
Field2,1436
Field2,1437
Field2,1438
Field2,1439
Field2,1440
Field2,1441
Field2,1442
Field2,1443
Field2,1444
Field2,1445
Field2,1446
Field2,1447
Field2,1448
Field2,1449
Field2,1450
Field2,1451
Field2,1452
Field2,1453
Field2,1454
Field2,1455
Field2,1456
Field2,1457
Field2,1458
Field2,1459
Field2,1460
Field2,1461
Field2,1462
Field2,1463
Field2,1464
Field2,1465
Field2,1466
Field2,1467
Field2,1468
Field2,1469
Field2,1470
Field2,1471
Field2,1472
Field2,1473
Field2,1474
Field2,1475
Field2,1476
Field2,1477
Field2,1478
Field2,1479
Field2,1480
Field2,1481
Field2,1482
Field2,1483
Field2,1484
Field2,1485
Field2,1486
Field2,1487
Field2,1488
Field2,1489
Field2,1490
Field2,1491
Field2,1492
Field2,1493
Field2,1494
Field2,1495
Field2,1496
Field2,1497
Field2,1498
Field2,1499
Field2,1500
Field2,1501
Field2,1502
Field2,1503
Field2,1504
Field2,1505
Field2,1506
Field2,1507
Field2,1508
Field2,1509
Field2,1510
Field2,1511
Field2,1512
Field2,1513
Field2,1514
Field2,1515
Field2,1516
Field2,1517
Field2,1518
Field2,1519
Field2,1520
Field2,1521
Field2,1522
Field2,1523
Field2,1524
Field2,1525
Field2,1526
Field2,1527
Field2,1528
Field2,1529
Field2,1530
Field2,1531
Field2,1532
Field2,1533
Field2,1534
Field2,1535
Field2,1536
Field2,1537
Field2,1538
Field2,1539
Field2,1540
Field2,1541
Field2,1542
Field2,1543
Field2,1544
Field2,1545
Field2,1546
Field2,1547
Field2,1548
Field2,1549
Field2,1550
Field2,1551
Field2,1552
Field2,1553
Field2,1554
Field2,1555
Field2,1556
Field2,1557
Field2,1558
Field2,1559
Field2,1560
Field2,1561
Field2,1562
Field2,1563
Field2,1564
Field2,1565
Field2,1566
Field2,1567
Field2,1568
Field2,1569
Field2,1570
Field2,1571
Field2,1572
Field2,1573
Field2,1574
Field2,1575
Field2,1576
Field2,1577
Field2,1578
Field2,1579
Field2,1580
Field2,1581
Field2,1582
Field2,1583
Field2,1584
Field2,1585
Field2,1586
Field2,1587
Field2,1588
Field2,1589
Field2,1590
Field2,1591
Field2,1592
Field2,1593
Field2,1594
Field2,1595
Field2,1596
Field2,1597
Field2,1598
Field2,1599
Field2,1600
Field2,1601
Field2,1602
Field2,1603
Field2,1604
Field2,1605
Field2,1606
Field2,1607
Field2,1608
Field2,1609
Field2,1610
Field2,1611
Field2,1612
Field2,1613
Field2,1614
Field2,1615
Field2,1616
Field2,1617
Field2,1618
Field2,1619
Field2,1620
Field2,1621
Field2,1622
Field2,1623
Field2,1624
Field2,1625
Field2,1626
Field2,1627
Field2,1628
Field2,1629
Field2,1630
Field2,1631
Field2,1632
Field2,1633
Field2,1634
Field2,1635
Field2,1636
Field2,1637
Field2,1638
Field2,1639
Field2,1640
Field2,1641
Field2,1642
Field2,1643
Field2,1644
Field2,1645
Field2,1646
Field2,1647
Field2,1648
Field2,1649
Field2,1650
Field2,1651
Field2,1652
Field2,1653
Field2,1654
Field2,1655
Field2,1656
Field2,1657
Field2,1658
Field2,1659
Field2,1660
Field2,1661
Field2,1662
Field2,1663
Field2,1664
Field2,1665
Field2,1666
Field2,1667
Field2,1668
Field2,1669
Field2,1670
Field2,1671
Field2,1672
Field2,1673
Field2,1674
Field2,1675
Field2,1676
Field2,1677
Field2,1678
Field2,1679
Field2,1680
Field2,1681
Field2,1682
Field2,1683
Field2,1684
Field2,1685
Field2,1686
Field2,1687
Field2,1688
Field2,1689
Field2,1690
Field2,1691
Field2,1692
Field2,1693
Field2,1694
Field2,1695
Field2,1696
Field2,1697
Field2,1698
Field2,1699
Field2,1700
Field2,1701
Field2,1702
Field2,1703
Field2,1704
Field2,1705
Field2,1706
Field2,1707
Field2,1708
Field2,1709
Field2,1710
Field2,1711
Field2,1712
Field2,1713
Field2,1714
Field2,1715
Field2,1716
Field2,1717
Field2,1718
Field2,1719
Field2,1720
Field2,1721
Field2,1722
Field2,1723
Field2,1724
Field2,1725
Field2,1726
Field2,1727
Field2,1728
Field2,1729
Field2,1730
Field2,1731
Field2,1732
Field2,1733
Field2,1734
Field2,1735
Field2,1736
Field2,1737
Field2,1738
Field2,1739
Field2,1740
Field2,1741
Field2,1742
Field2,1743
Field2,1744
Field2,1745
Field2,1746
Field2,1747
Field2,1748
Field2,1749
Field2,1750
Field2,1751
Field2,1752
Field2,1753
Field2,1754
Field2,1755
Field_test_2,1756
Field_test_2,1757
Field_test_2,1758
Field_test_2,1759
Field_test_2,1760
Field_test_2,1761
Field_test_2,1762
Field_test_2,1763
Field_test_2,1764
Field_test_2,1765
Field_test_2,1766
Field_test_2,1767
Field_test_2,1768
Field_test_2,1769
Field_test_2,1770
Field_test_2,1771
Field_test_2,1772
Field_test_2,1773
Field_test_2,1774
Field_test_2,1775
Field_test_2,1776
Field_test_2,1777
Field_test_2,1778
Field_test_2,1779
Field_test_2,1780
Field_test_2,1781
Field_test_2,1782
Field1,1783
Field1,1784
Field1,1785
Field1,1786
Field1,1787
Field1,1788
Field1,1789
Field1,1790
Field1,1791
Field1,1792
Field1,1793
Field1,1794
Field1,1795
Field1,1796
Field1,1797
Field1,1798
Field1,1799
Field1,1800
Field1,1801
Field1,1802
Field1,1803
Field1,1804
Field1,1805
Field1,1806
Field1,1807
Field1,1808
Field1,1809
Field1,1810
Field1,1811
Field1,1812
Field1,1813
Field1,1814
Field1,1815
Field1,1816
Field1,1817
Field1,1818
Field1,1819
Field1,1820
Field1,1821
Field1,1822
Field1,1823
Field1,1824
Field1,1825
Field1,1826
Field1,1827
Field1,1828
Field1,1829
Field1,1830
Field1,1831
Field1,1832
Field1,1833
Field1,1834
Field1,1835
Field1,1836
Field1,1837
Field1,1838
Field1,1839
Field1,1840
Field1,1841
Field1,1842
Field1,1843
Field1,1844
Field1,1845
Field1,1846
Field1,1847
Field1,1848
Field1,1849
Field1,1850
Field1,1851
Field1,1852
Field1,1853
Field1,1854
Field1,1855
Field1,1856
Field1,1857
Field1,1858
Field1,1859
Field1,1860
Field1,1861
Field1,1862
Field1,1863
Field1,1864
Field1,1865
Field1,1866
Field1,1867
Field1,1868
Field1,1869
Field1,1870
Field1,1871
Field1,1872
Field1,1873
Field1,1874
Field1,1875
Field1,1876
Field1,1877
Field1,1878
Field1,1879
Field1,1880
Field1,1881
Field1,1882
Field1,1883
Field1,1884
Field1,1885
Field1,1886
Field1,1887
Field1,1888
Field1,1889
Field1,1890
Field1,1891
Field1,1892
Field1,1893
Field1,1894
Field1,1895
Field1,1896
Field1,1897
Field1,1898
Field1,1899
Field1,1900
Field1,1901
Field1,1902
Field1,1903
Field1,1904
Field1,1905
Field1,1906
Field1,1907
Field1,1908
Field1,1909
Field1,1910
Field1,1911
Field1,1912
Field1,1913
Field1,1914
Field1,1915
Field1,1916
Field1,1917
Field1,1918
Field1,1919
Field1,1920
Field1,1921
Field1,1922
Field1,1923
Field1,1924
Field1,1925
Field1,1926
Field1,1927
Field1,1928
Field1,1929
Field1,1930
Field1,1931
Field1,1932
Field1,1933
Field1,1934
Field1,1935
Field1,1936
Field1,1937
Field1,1938
Field1,1939
Field1,1940
Field1,1941
Field1,1942
Field1,1943
Field1,1944
Field1,1945
Field1,1946
Field1,1947
Field1,1948
Field1,1949
Field1,1950
Field1,1951
Field1,1952
Field1,1953
Field1,1954
Field1,1955
Field1,1956
Field1,1957
Field1,1958
Field1,1959
Field1,1960
Field1,1961
Field1,1962
Field1,1963
Field1,1964
Field1,1965
Field1,1966
Field1,1967
Field1,1968
Field1,1969
Field1,1970
Field1,1971
Field1,1972
Field1,1973
Field1,1974
Field1,1975
Field1,1976
Field1,1977
Field1,1978
Field1,1979
Field1,1980
Field1,1981
Field1,1982
Field1,1983
Field1,1984
Field1,1985
Field1,1986
Field1,1987
Field1,1988
Field1,1989
Field1,1990
Field1,1991
Field1,1992
Field1,1993
Field1,1994
Field1,1995
Field1,1996
Field1,1997
Field1,1998
Field1,1999
Field1,2000
Field1,2001
Field1,2002
Field1,2003
Field1,2004
Field1,2005
Field1,2006
Field1,2007
Field1,2008
Field1,2009
Field1,2010
Field1,2011
Field1,2012
Field1,2013
Field1,2014
Field1,2015
Field1,2016
Field1,2017
Field1,2018
Field1,2019
Field1,2020
Field1,2021
Field1,2022
Field1,2023
Field1,2024
Field1,2025
Field1,2026
Field1,2027
Field1,2028
Field1,2029
Field1,2030
Field1,2031
Field1,2032
Field1,2033
Field1,2034
Field1,2035
Field1,2036
Field1,2037
Field1,2038
Field1,2039
Field1,2040
Field1,2041
Field1,2042
Field1,2043
Field1,2044
Field1,2045
Field1,2046
Field1,2047
Field1,2048
Field1,2049
Field1,2050
Field1,2051
Field1,2052
Field1,2053
Field1,2054
Field1,2055
Field1,2056
Field1,2057
Field1,2058
Field1,2059
Field1,2060
Field1,2061
Field1,2062
Field1,2063
Field1,2064
Field1,2065
Field1,2066
Field1,2067
Field1,2068
Field1,2069
Field1,2070
Field1,2071
Field1,2072
Field1,2073
Field1,2074
Field1,2075
Field1,2076
Field1,2077
Field1,2078
Field1,2079
Field1,2080
Field1,2081
Field1,2082
Field1,2083
Field1,2084
Field1,2085
Field1,2086
Field1,2087
Field1,2088
Field1,2089
Field1,2090
Field1,2091
Field1,2092
Field1,2093
Field1,2094
Field1,2095
Field1,2096
Field1,2097
Field1,2098
Field1,2099
Field1,2100
Field1,2101
Field1,2102
Field1,2103
Field1,2104
Field1,2105
Field1,2106
Field1,2107
Field1,2108
Field1,2109
Field1,2110
Field1,2111
Field1,2112
Field1,2113
Field1,2114
Field1,2115
Field1,2116
Field1,2117
Field1,2118
Field1,2119
Field1,2120
Field1,2121
Field1,2122
Field1,2123
Field1,2124
Field1,2125
Field1,2126
Field1,2127
Field1,2128
Field1,2129
Field1,2130
